Word,Frequency,Keep
the,23135851162,
of,13151942776,
and,12997637966,
to,12136980858,
a,9081174698,
in,8469404971,
for,5933321709,
is,4705743816,
on,3750423199,
that,3400031103,
by,3350048871,
this,3228469771,
with,3183110675,
i,3086225277,
you,2996181025,
it,2813163874,
not,2633487141,
or,2590739907,
be,2398724162,
are,2393614870,
from,2275595356,
at,2272272772,
as,2247431740,
your,2062066547,
all,2022459848,
have,1564202750,
new,1551258643,1
more,1544771673,
an,1518266684,
was,1483428678,
we,1390661912,
will,1356293641,
home,1276852170,
can,1242323499,
us,1229112622,
about,1226734006,
if,1134987907,
page,1082121730,
my,1059793441,
has,1046319984,
search,1024093118,
free,1014107316,
but,999899654,
our,998757982,
one,993536631,
other,978481319,
do,950751722,
no,937112320,
information,932594387,1
time,908705570,
they,883223816,
site,844310242,
he,842847219,
up,829969374,
may,827822032,1
what,812395582,
which,810514085,
their,782849411,
news,755424983,1
out,741601852,
use,719980257,
any,710741293,
there,701170205,
see,681410380,
only,661844114,
so,661809559,
his,660177731,
when,650621178,
contact,645824184,1
here,639711198,
business,637134177,1
who,630927278,
web,619571575,
also,616829742,
now,611387736,
help,611054034,
get,605984508,
pm,604577485,
view,602279334,
online,601317059,1
c,596623239,
e,593086170,
first,578161543,
am,576436203,
been,575019382,
would,572644147,
how,571848080,
were,570699558,
me,566617666,
s,565123981,
services,562206804,1
some,548829454,
these,541003982,
click,536746424,
its,525627757,
like,520585287,
service,519537222,1
x,508609523,
than,502609275,
find,502043038,
price,501651226,1
date,488967374,
back,488024109,
top,484213771,
people,480303376,
had,480232730,
list,472590641,
name,464532702,
just,462836169,
over,459222855,
state,453104133,1
year,451092583,
day,446236148,
into,445315294,
email,443949646,1
two,441398439,
health,440416431,1
n,437961375,
world,431934249,
re,430847564,
next,425903347,
used,421438139,
go,421086358,
b,419765694,
work,419483948,1
last,417601616,
most,416210411,
products,414377632,1
music,414028837,1
buy,410780176,
data,406908328,1
make,405084642,
them,403000411,
should,402028056,
product,399116355,1
system,396975018,1
post,392956436,1
her,391961061,
city,390564835,1
t,388448018,
add,387231739,
policy,384401868,1
number,383787805,1
such,380725892,
please,380046348,
available,379644437,1
copyright,373906735,1
support,373512569,1
message,373081242,1
after,372948094,
best,371852748,
software,370517038,1
then,369928941,
jan,366436194,
good,365796396,
video,365410017,1
well,362082755,
d,361493758,
where,360468339,
info,352363058,
rights,352051342,1
public,349286123,1
books,347710184,1
high,345413157,
school,343057316,1
through,342373303,
m,341583838,
each,340892856,
links,339926541,
she,339171382,
review,339067778,1
years,337841309,1
order,336631187,1
very,334923368,
privacy,333272427,1
book,330959949,
items,330505325,
company,324272258,1
r,323534251,
read,322331766,
group,321842984,1
sex,320105999,1
need,319376932,
many,318966441,
user,316446229,
said,315595259,
de,314593284,
does,314018806,
set,313469591,
under,313296421,
general,311757793,1
research,311538382,1
university,311373936,1
january,310345867,1
mail,310337185,1
full,309929179,
map,309676581,1
reviews,307684103,1
program,306686983,1
life,306559205,1
know,306100813,
games,305930896,
way,305515604,
days,305147791,
management,304201237,1
p,303249898,
part,302729303,
could,302311431,
great,301487430,
united,299280163,1
hotel,297974790,1
real,297674493,
f,297285731,
item,296534935,
international,295639201,1
center,294319118,1
ebay,293178760,
must,292774716,
store,291308910,
travel,287719294,1
comments,287558448,1
made,287353021,
development,286291411,1
report,286237372,1
off,284035693,
member,283858893,1
details,280827841,1
line,280009597,1
terms,277705910,1
before,277546019,
hotels,275510917,1
did,275369513,
send,274103587,
right,273620358,
type,272336859,1
because,271323986,
local,270742935,1
those,270014141,
using,269448880,
results,268180843,1
office,266789622,1
education,266738068,1
national,266376620,1
car,264720374,
design,264448339,1
take,264349801,
posted,263851272,
internet,263777245,1
address,261872866,1
community,261839117,1
within,261390908,
states,260937015,1
area,259871557,1
want,258690345,
phone,256643812,1
dvd,256530337,
shipping,256521328,1
reserved,256443074,1
subject,256217838,1
between,255436698,
forum,254478181,1
family,254164055,1
l,252900442,
long,252519588,
based,252405204,
w,252231566,
code,250245121,1
show,247541986,
o,246429812,
even,245697701,
black,244690155,1
check,244491090,1
special,244311841,1
prices,243435728,1
website,242876222,1
index,242826246,1
being,242783091,
women,242520455,1
much,242326300,
sign,242290578,
file,241864251,1
link,240402653,1
open,239670331,
today,239271204,
technology,238674296,1
south,238581133,1
case,235563000,1
project,235262594,1
same,234822585,
pages,234001114,
uk,232749142,
version,232445953,1
section,232251956,
own,232011723,
found,232005894,
sports,231864260,1
house,231310420,1
related,231127472,1
security,230014019,1
both,228648541,
g,227771642,
county,227567373,1
american,227534978,1
photo,227125249,1
game,227111505,
members,226656153,1
power,226596368,1
while,226194991,
care,225326739,
network,225218991,1
down,224915894,
computer,224177047,1
systems,223555915,1
three,223417394,
total,222649459,1
place,220970235,
end,220812328,
following,220709925,
download,220626128,1
h,220523502,
him,219516023,
without,219190105,
per,218945655,
access,217986984,1
think,217856550,
north,217809513,1
resources,217268632,1
current,216987137,
posts,216822128,
big,216690546,
media,216432510,1
law,216122487,1
control,215560453,1
water,215178488,1
history,215000515,1
pictures,214997918,1
size,214844153,1
art,214702696,
personal,214671907,1
since,214302926,
including,214195457,
guide,213378807,
shop,212793848,
directory,212478717,1
board,212361059,1
location,211243333,
change,210601244,
white,209863729,1
text,208780080,
small,208371878,
rating,207858692,1
rate,207634179,1
government,206582673,1
children,206538107,1
during,206364495,
usa,206211773,1
return,205629763,1
students,204801202,1
v,204486977,
shopping,204104275,
account,203611349,1
times,202950880,
sites,202755734,1
level,202563642,1
digital,202346767,1
profile,201854745,1
previous,201692678,
form,201395192,1
events,201235454,1
love,201063526,
old,199694226,
john,199642644,
main,199616754,1
call,199608869,
hours,198242904,1
image,197874283,1
department,197293325,1
title,196676017,1
description,196301245,1
non,196109547,
k,195647953,
y,195011703,
insurance,193271293,1
another,192535750,
why,192000672,
shall,191963867,
property,191783393,1
class,191087771,1
cd,190859046,
still,190433487,
money,190205072,1
quality,189509533,1
every,189325890,
listing,188985252,1
content,188880495,1
country,188691168,1
private,187885878,1
little,187142519,
visit,187062316,1
save,186091095,
tools,185555874,1
low,184815478,
reply,184777992,
customer,184406888,1
december,183237239,1
compare,183202885,1
movies,182739567,1
include,182579275,
college,182545426,1
value,182061247,1
article,181969355,1
york,181556155,1
man,181445531,
card,181387042,
jobs,181075605,1
provide,181040994,
j,180739802,
food,180144029,1
source,179963886,1
author,179813446,1
different,179794224,
press,179652730,1
u,179615587,
learn,179428286,
sale,179224570,1
around,178810033,
print,178250872,1
course,177976652,1
job,177706929,1
canada,177153952,1
process,176829177,1
teen,176301486,
room,176299905,1
stock,176295589,1
training,176129154,1
too,176093255,
credit,175916536,1
point,175527859,1
join,174297802,
science,174232809,1
men,174058407,
categories,173839008,1
advanced,173422161,1
west,173346868,1
sales,173244220,1
look,173043002,
english,172371546,1
left,171752631,
team,171687825,1
estate,169256248,1
box,169231297,
conditions,168957006,1
select,168673045,1
windows,168532149,1
photos,167827453,1
gay,167587791,1
thread,167518537,1
week,167202060,1
category,166811948,1
note,166657334,1
live,166005029,1
large,165863763,
gallery,165671626,1
table,165341452,1
register,164834442,1
however,163957176,
june,163951797,1
october,163363054,1
november,163308383,1
market,162390150,1
library,162076395,1
really,162033390,
action,162023431,1
start,161913408,
series,161518557,1
model,161205740,1
features,160961088,1
air,160850401,1
industry,160812623,1
plan,160746244,1
human,160573748,1
provided,159785849,
tv,159603914,
yes,159595214,
required,159478972,1
second,159343399,
hot,159287179,1
accessories,158982297,1
cost,158887256,1
movie,158421100,1
forums,158410645,1
march,158281269,1
la,157960401,
september,157182255,1
better,157079378,
say,156845267,
questions,156703712,1
july,156667525,1
yahoo,155733641,1
going,155284081,
medical,155254497,1
test,154999587,1
friend,154527125,
come,154326119,
dec,154301106,
server,153788544,1
pc,153460135,
study,152978354,1
application,152776595,1
cart,152155277,
staff,151553180,1
articles,151531225,1
san,151350397,
feedback,151008079,1
again,150781416,
play,150748333,
looking,150610176,
issues,150106274,1
april,149976767,1
never,149556758,
users,149320234,1
complete,149312237,1
street,149130754,1
topic,149001702,1
comment,148628729,1
financial,148330257,1
things,147969893,
working,147675944,1
against,147259825,
standard,147177212,1
tax,146906651,1
person,146749448,
below,145701629,
mobile,145490029,1
less,145430147,
got,145057782,
blog,145041426,
party,144707500,
payment,144646164,1
equipment,144298238,1
login,144200144,
student,143590165,1
let,143062438,
programs,142498232,1
offers,142087909,
legal,142048771,1
above,141894620,
recent,141765729,
park,141548802,1
stores,141210433,1
side,141155373,
act,141076205,1
problem,141012024,1
red,140799532,
give,140688602,
memory,140479833,1
performance,139710600,1
social,139566375,1
q,139563801,
august,139459917,1
quote,139242226,
language,138517992,1
story,138433809,
sell,137696613,1
options,137679195,1
experience,137134662,1
rates,137089538,1
create,137071122,
key,136862835,
body,136560842,
young,136341684,
america,136214727,1
important,136103455,
field,135289140,1
few,135132664,
east,135037085,1
paper,134939426,1
single,134754203,
ii,133102742,
age,132725767,
activities,132685190,1
club,132428495,
example,132369252,1
girls,132325396,
additional,132187702,
password,132141721,
z,132095202,
latest,131952173,
something,131836210,
road,131800620,1
gift,131417909,1
question,130644510,1
changes,130570251,
night,130531484,
ca,130326009,
hard,130054708,
texas,129399241,1
oct,129301730,
pay,129198530,
four,129167110,
poker,129054826,1
status,128994593,1
browse,128740445,
issue,128427156,1
range,128314924,1
building,128251365,1
seller,127768853,1
court,127719981,1
february,127704851,1
always,127634767,
result,127425045,
audio,127014703,1
light,126699632,
write,126645151,
war,126517399,
nov,126461152,
offer,126228968,
blue,126160941,
groups,125814267,
al,125787543,
easy,125548527,
given,125542966,
files,125524478,1
event,125515260,1
release,125340846,1
analysis,124949540,1
request,124620318,1
fax,124500817,
china,124472054,1
making,124198695,
picture,124116581,1
needs,123595776,1
possible,123311561,1
might,123196001,
professional,123162607,1
yet,123160529,
month,123027963,1
major,122592252,1
star,122498186,
areas,121986327,1
future,121844371,1
space,121505269,1
committee,121345834,1
hand,121296661,
sun,121218500,1
cards,121094522,
problems,121087620,1
london,121079315,1
washington,120978063,1
meeting,120814306,1
rss,120548796,
become,120495036,
interest,120272948,1
id,119974321,
child,119747393,1
keep,119602514,
enter,119394206,
california,119376975,1
porn,119294962,
share,119294241,
similar,119150817,
garden,119014988,1
schools,118978625,1
million,118818608,1
added,118410414,
reference,118127636,1
companies,118106080,1
listed,117951402,
baby,117696064,
learning,117672845,
energy,117451031,1
run,117213565,
delivery,117119498,1
net,116883588,
popular,116495721,1
term,116282824,1
film,116097842,1
stories,115504667,
put,115205090,
computers,115168234,1
journal,114532201,1
reports,114515959,1
co,114452742,
try,114384208,
welcome,114025350,
central,113841948,1
images,113788074,1
president,113756376,1
notice,113691786,1
god,113624357,
original,113453183,1
head,113316224,
radio,113285624,1
until,113090086,
cell,113067567,1
color,112965658,
self,112902176,
council,112893718,1
away,112837472,
includes,112466751,
track,112385243,1
australia,112197265,1
discussion,111973466,1
archive,111971865,1
once,111882023,
others,111397714,
entertainment,111394818,1
agreement,111356320,1
format,111279626,1
least,111229798,
society,111199035,1
months,111192257,1
log,111170350,
safety,111064464,1
friends,110732827,
sure,110528740,
faq,110323671,
trade,110086585,1
edition,110051463,1
cars,109717836,1
messages,109697600,1
marketing,109596213,1
tell,109553730,
further,109528141,
updated,109504766,1
association,109416386,1
able,109389038,
having,109360096,
provides,109213691,
david,109067044,
fun,108389630,
already,108324565,
green,108287905,
studies,108024858,1
close,107853068,
common,107839275,
drive,107799371,
specific,107785779,
several,107589584,
gold,107497778,1
feb,107483376,
living,107215961,
sep,107145206,
collection,107121885,1
called,106978150,
short,106755242,
arts,106466033,1
lot,106405208,
ask,106400213,
display,106342539,1
limited,106154969,1
powered,106119933,1
solutions,106103720,1
means,105946662,
director,105891641,1
daily,105837757,1
beach,105642682,1
past,105625616,
natural,105101771,1
whether,105014961,
due,104908310,
et,104251062,
electronics,104230315,1
five,104165769,
upon,103921220,
period,103906182,1
planning,103878661,1
database,103731642,1
says,103697915,
official,103521037,1
weather,103331913,1
mar,103203080,
land,103132933,1
average,102837602,1
done,102812628,
technical,102792861,1
window,102711715,1
france,102698139,1
pro,102580860,
region,102552342,1
island,102316998,1
record,102234743,1
direct,102234090,1
microsoft,102159580,1
conference,101987691,1
environment,101959294,1
records,101771329,1
st,101338951,
district,101325723,1
calendar,101303808,1
costs,101090970,1
style,101024266,1
url,100907064,
front,100886343,1
statement,100868970,1
update,100765188,1
parts,100637505,1
aug,100502612,
ever,100264634,
downloads,100237452,1
early,100013194,
miles,100012522,1
sound,100010833,1
resource,99964083,1
present,99420744,
applications,99324182,1
either,99143011,
ago,98839705,
document,98703772,1
word,98671341,
works,98581698,
material,98528318,1
bill,98494166,1
apr,98081439,
written,98056850,
talk,97850837,
federal,97837595,1
hosting,97747750,1
rules,97658641,1
final,97649084,1
adult,97583096,1
tickets,97561755,1
thing,97451660,
centre,97258243,1
requirements,97233632,1
via,97167128,
cheap,97049762,
nude,96733793,
kids,96602880,
finance,96554164,1
true,96269550,
minutes,96242209,1
else,96020036,
mark,95606752,
third,95489240,
rock,95488543,
gifts,95412416,
europe,95373445,1
reading,95289449,
topics,95132338,1
bad,95096787,
individual,94815082,1
tips,94800899,1
plus,94730251,
auto,94700371,1
cover,94501729,1
usually,94477370,
edit,94159529,
together,94113765,
videos,94069113,1
percent,94036312,
fast,93941472,
function,93878887,1
fact,93807963,
unit,93714361,1
getting,93483319,
global,93450595,1
tech,93401669,
meet,93275872,
far,93061804,
economic,93044306,1
en,92803600,
player,92709785,
projects,92603476,1
lyrics,92579731,1
often,92551460,
subscribe,92456246,1
submit,92431559,1
germany,92151641,1
amount,92039679,1
watch,92006970,
included,92002729,1
feel,91924001,
though,91905891,
bank,91559349,1
risk,91486135,1
thanks,91398411,
everything,91388083,
deals,91189968,
various,91156139,
words,90910143,
linux,90854231,1
jul,90810423,
production,90612739,1
commercial,90554932,1
james,90535679,
weight,90506560,1
town,90478880,1
heart,90249265,1
advertising,90210309,1
received,90037485,
choose,90010174,
treatment,90001988,1
newsletter,89828494,1
archives,89826560,1
points,89780234,
knowledge,89749339,1
magazine,89744012,1
error,89396475,1
camera,89324930,1
jun,89154690,
girl,89139125,
currently,89075990,
construction,88770071,1
toys,88712797,1
registered,88506935,1
clear,88447610,
golf,88332962,1
receive,88328938,
domain,88097391,1
methods,87897688,1
chapter,87882874,1
makes,87829598,
protection,87824220,1
policies,87791839,1
loan,87785549,1
wide,87661475,
beauty,87572240,1
manager,87441704,1
india,87391857,1
position,87139187,
taken,87019836,
sort,86985936,
listings,86808185,1
models,86573186,1
michael,86527408,
known,86395556,1
half,86290420,
cases,86255673,1
step,86147277,1
engineering,85964618,1
florida,85775901,1
simple,85617922,
quick,85584600,
none,85523201,
wireless,85333514,1
license,85326896,1
paul,85262640,
friday,85245033,
lake,85241485,1
whole,85202530,
annual,85043687,1
published,84923632,1
later,84857974,
basic,84840226,1
sony,84808711,
shows,84804638,
corporate,84697675,1
google,84568679,1
church,84556943,1
method,84399520,1
purchase,84333183,1
customers,84317690,1
active,84084764,1
response,84065293,1
practice,84037810,1
hardware,84002445,1
figure,83949754,1
materials,83901920,1
fire,83845349,1
holiday,83671730,1
chat,83625620,
enough,83592616,
designed,83559486,1
along,83444756,
among,83431590,
death,83216831,1
writing,83166717,1
speed,83135749,1
html,83094022,
countries,83082522,1
loss,83015916,1
face,82807978,
brand,82807581,1
discount,82646962,1
higher,82515596,
effects,82399410,1
created,82342853,
remember,82222044,
standards,82179578,1
oil,82178167,1
bit,82113875,
yellow,82024459,
political,82021775,1
increase,81983061,1
advertise,81965610,1
kingdom,81913366,1
base,81894680,1
near,81652767,1
environmental,81596309,1
thought,81561217,
stuff,81444510,
french,81396759,
storage,81320471,1
oh,81258789,
japan,81110725,
doing,80821946,
loans,80821333,1
shoes,80755612,1
entry,80717798,
one,,
two,,
three,,
four,,
five,,
six,,
seven,,
eight,,
nine,,
ten,,
eleven,,
twelve,,
thirteen,,
fourteen,,
fifteen,,
sixteen,,
seventeen,,
eighteen,,
nineteen,,
twenty,,
thirty,,
forty,,
fifty,,
sixty,,
seventy,,
eighty,,
ninety,,
